number,value,datetime_start,datetime_complete,duration,params_colsample_bytree,params_gamma,params_learning_rate,params_max_depth,params_min_child_weight,params_reg_alpha,params_reg_lambda,params_subsample,user_attrs_avg_best_iteration,user_attrs_cv_accuracy,user_attrs_cv_logloss,user_attrs_fold_accs,user_attrs_fold_lls,state,model,cv_accuracy,cv_logloss,avg_best_iteration
0,0.5837829241280953,2026-04-14 22:38:06.300202,2026-04-14 22:38:11.195282,0 days 00:00:04.895080,0.7190609389379257,4.330880728874676,0.2536999076681772,5,2,0.004207988669606638,0.004207053950287938,0.8659969709057025,15.6,0.6813679245283019,0.5837829241280953,"[0.6096698113207547, 0.660377358490566, 0.6639150943396226, 0.7346698113207547, 0.7382075471698113]","[0.6517388179160543, 0.6157525472611286, 0.602332067612142, 0.5150442832514178, 0.5340469045997339]",COMPLETE,xgb,0.6813679245283019,0.5837829241280953,15.6
1,0.5786836687202618,2026-04-14 22:38:11.217694,2026-04-14 22:38:25.152027,0 days 00:00:13.934333,0.978936896513396,0.9170225492671691,0.11114989443094977,7,4,2.1368329072358767,0.0070689749506246055,0.5102922471479012,39.6,0.697877358490566,0.5786836687202618,"[0.6308962264150944, 0.6957547169811321, 0.6863207547169812, 0.7370283018867925, 0.7393867924528302]","[0.6288454401388587, 0.594392596512308, 0.5967705782149538, 0.5391545942226662, 0.5342551345125219]",COMPLETE,xgb,0.697877358490566,0.5786836687202618,39.6
2,0.5695974676549165,2026-04-14 22:38:25.172653,2026-04-14 22:38:34.861924,0 days 00:00:09.689271,0.5038603981386294,1.8318092164684585,0.05958389350068958,5,6,0.2801635158716261,0.003613894271216527,0.7159725093210578,81.0,0.7018867924528303,0.5695974676549165,"[0.6403301886792453, 0.6969339622641509, 0.6898584905660378, 0.7488207547169812, 0.7334905660377359]","[0.6256271896177523, 0.5864746338885908, 0.5860928399681528, 0.5183661861245531, 0.5314264886755335]",COMPLETE,xgb,0.7018867924528303,0.5695974676549165,81.0
3,0.5813826305805889,2026-04-14 22:38:34.880652,2026-04-14 22:38:40.409793,0 days 00:00:05.529141,0.6599641068895281,0.8526206184364576,0.14447746112718687,6,13,0.23423849847112907,0.0015339162591163618,0.5998368910791798,30.6,0.6839622641509433,0.5813826305805889,"[0.6332547169811321, 0.6662735849056604, 0.6650943396226415, 0.7299528301886793, 0.7252358490566038]","[0.6339014759035816, 0.6016711153184126, 0.5950400870248062, 0.525057303248587, 0.5512431714075572]",COMPLETE,xgb,0.6839622641509433,0.5813826305805889,30.6
4,0.5755294850947663,2026-04-14 22:38:40.423708,2026-04-14 22:38:44.878740,0 days 00:00:04.455032,0.8658781436815228,2.2007624686980067,0.2521267904777921,3,14,0.01653693718282442,0.002458603276328005,0.9828160165372797,28.6,0.694811320754717,0.5755294850947663,"[0.6438679245283019, 0.6792452830188679, 0.6792452830188679, 0.7476415094339622, 0.7240566037735849]","[0.6236527181904792, 0.5955455338705393, 0.5963077459171054, 0.520506204204039, 0.5416352232916681]",COMPLETE,xgb,0.694811320754717,0.5755294850947663,28.6
5,0.5646574213127087,2026-04-14 22:38:44.895997,2026-04-14 22:38:56.334306,0 days 00:00:11.438309,0.9365242814551473,2.600340105889054,0.05388108577817234,3,7,0.010842262717330166,0.4467752817973907,0.5171942605576092,132.4,0.7028301886792454,0.5646574213127087,"[0.6485849056603774, 0.6981132075471698, 0.6886792452830188, 0.7358490566037735, 0.7429245283018868]","[0.6137076307135015, 0.5873449131103422, 0.580081243230398, 0.515386024369251, 0.5267672951400507]",COMPLETE,xgb,0.7028301886792454,0.5646574213127087,132.4
6,0.576080372186835,2026-04-14 22:38:56.352631,2026-04-14 22:39:26.717339,0 days 00:00:30.364708,0.8425929763527802,4.609371175115584,0.01875220945578641,6,12,5.727904470799623,3.7958531426706403,0.9847923138822793,294.4,0.6971698113207548,0.576080372186835,"[0.6226415094339622, 0.6992924528301887, 0.6851415094339622, 0.7441037735849056, 0.7346698113207547]","[0.6336936628874249, 0.5962068125019071, 0.5879891264780253, 0.5299890414050128, 0.5325232176618055]",COMPLETE,xgb,0.6971698113207548,0.576080372186835,294.4
7,0.5662345554412822,2026-04-14 22:39:26.731118,2026-04-14 22:39:44.858715,0 days 00:00:18.127597,0.527731231534285,1.7837666334679465,0.01947558230629543,3,17,0.03586816498627549,0.01217295809836997,0.522613644455269,326.2,0.7037735849056604,0.5662345554412822,"[0.6344339622641509, 0.7040094339622641, 0.6933962264150944, 0.7441037735849056, 0.7429245283018868]","[0.6208656342185598, 0.5848358514350755, 0.575112477584579, 0.5199833793732305, 0.530375434594966]",COMPLETE,xgb,0.7037735849056604,0.5662345554412822,326.2
8,0.5653592226862181,2026-04-14 22:39:44.872995,2026-04-14 22:39:56.989095,0 days 00:00:12.116100,0.8615378865278278,0.993578407670862,0.06333268775321842,4,16,0.0019870215385428634,8.862326508576253,0.5704621124873813,112.4,0.6971698113207546,0.5653592226862181,"[0.6356132075471698, 0.6933962264150944, 0.6827830188679245, 0.7382075471698113, 0.7358490566037735]","[0.6172739319175583, 0.5834215586841092, 0.5802722340014206, 0.5170479456752356, 0.5287804431527665]",COMPLETE,xgb,0.6971698113207546,0.5653592226862181,112.4
9,0.5726718408945274,2026-04-14 22:39:57.001553,2026-04-14 22:40:02.617954,0 days 00:00:05.616401,0.810305017628691,0.5793452976256486,0.1601531217136121,3,8,1.2164139351417065,0.0019777828512462727,0.8534286719238086,46.4,0.6988207547169811,0.5726718408945274,"[0.6474056603773585, 0.6745283018867925, 0.6910377358490566, 0.75, 0.7311320754716981]","[0.6301809187275148, 0.5927214069293106, 0.5877044740589723, 0.5211966446593318, 0.5315557600975077]",COMPLETE,xgb,0.6988207547169811,0.5726718408945274,46.4
10,0.5651352582586241,2026-04-14 22:40:02.630366,2026-04-14 22:40:39.981128,0 days 00:00:37.350762,0.3125733129303738,3.3828618987138985,0.010206070557576998,9,20,0.012323881360612965,0.5767509177705751,0.6843643863605486,560.2,0.7021226415094339,0.5651352582586241,"[0.6308962264150944, 0.7040094339622641, 0.6957547169811321, 0.7417452830188679, 0.7382075471698113]","[0.6195389734705011, 0.5828624834160225, 0.5764375198456243, 0.5201417695936184, 0.526695544967354]",COMPLETE,xgb,0.7021226415094339,0.5651352582586241,560.2
11,0.565062332516026,2026-04-14 22:40:39.993915,2026-04-14 22:41:14.609333,0 days 00:00:34.615418,0.3120303051882712,3.329051871196459,0.010231737782682434,9,20,0.008832846687000679,0.5518835130779202,0.6955250269502941,543.6,0.7011792452830189,0.565062332516026,"[0.6285377358490566, 0.7040094339622641, 0.6922169811320755, 0.7464622641509434, 0.7346698113207547]","[0.6210804854830155, 0.5807869778685176, 0.57903567935096, 0.5161470016709453, 0.5282615182066914]",COMPLETE,xgb,0.7011792452830189,0.565062332516026,543.6
12,0.570291771186084,2026-04-14 22:41:14.625102,2026-04-14 22:41:31.493080,0 days 00:00:16.867978,0.30459718620930953,3.23575401482894,0.029461940003887327,9,9,0.0585064338136868,0.18339586045180714,0.6395165771576232,185.2,0.6976415094339623,0.570291771186084,"[0.6273584905660378, 0.7063679245283019, 0.6863207547169812, 0.7464622641509434, 0.7216981132075472]","[0.6254317700152009, 0.586487931996976, 0.5771154469940212, 0.5272740464282094, 0.5351496604960128]",COMPLETE,xgb,0.6976415094339623,0.570291771186084,185.2
13,0.5658273692556876,2026-04-14 22:41:31.510793,2026-04-14 22:42:06.028030,0 days 00:00:34.517237,0.4589973081556149,3.1524272414253978,0.01121012420535718,8,20,0.0056251036036845305,0.846276960766363,0.7953799759818749,423.0,0.7030660377358491,0.5658273692556876,"[0.6356132075471698, 0.7075471698113207, 0.6886792452830188, 0.7464622641509434, 0.7370283018867925]","[0.6253274486942954, 0.5850717476327795, 0.5784613800217788, 0.5159635408852353, 0.5243127290443487]",COMPLETE,xgb,0.7030660377358491,0.5658273692556876,423.0
14,0.6003405166217298,2026-04-14 22:42:06.041238,2026-04-14 22:42:12.405882,0 days 00:00:06.364644,0.9893853271118613,3.922459820160932,0.03324055826093338,7,10,0.0011286551377492828,0.055104510959729104,0.7541098343340505,,,,,,PRUNED,xgb,,,
15,0.5678993463806887,2026-04-14 22:42:12.421755,2026-04-14 22:42:26.572271,0 days 00:00:14.150516,0.4158893969697645,2.6875227675101487,0.039098294456764375,8,6,0.017760351853845783,1.0786845740314392,0.6328125067062143,107.8,0.7004716981132075,0.5678993463806887,"[0.6426886792452831, 0.6992924528301887, 0.6945754716981132, 0.7417452830188679, 0.7240566037735849]","[0.6191935081397132, 0.5912855651895671, 0.576124031431309, 0.5196196131636318, 0.5332740139792227]",COMPLETE,xgb,0.7004716981132075,0.5678993463806887,107.8
16,0.6064036965931341,2026-04-14 22:42:26.584936,2026-04-14 22:42:30.005794,0 days 00:00:03.420858,0.6136640704060327,3.8095684852664373,0.08830587574621251,5,1,0.10309523269908275,0.08268361825217621,0.5647295708656634,,,,,,PRUNED,xgb,,,
17,0.5637628785263799,2026-04-14 22:42:30.019975,2026-04-14 22:42:53.430298,0 days 00:00:23.410323,0.7038644217227745,2.5745727439804087,0.016925694920845048,4,17,0.004249961299579403,0.21723929087510693,0.6777364359903284,349.8,0.7035377358490567,0.5637628785263799,"[0.6403301886792453, 0.7063679245283019, 0.6851415094339622, 0.75, 0.7358490566037735]","[0.6174468434548193, 0.5828411548496943, 0.5756423375931848, 0.5158491533889263, 0.5270349033452746]",COMPLETE,xgb,0.7035377358490567,0.5637628785263799,349.8
18,0.5641603737617532,2026-04-14 22:42:53.447445,2026-04-14 22:43:19.422910,0 days 00:00:25.975465,0.7385352394861314,2.647245599291286,0.018256970069118684,4,17,0.0027755884138184602,0.02799387023283983,0.8119240300648315,378.6,0.7042452830188679,0.5641603737617532,"[0.6285377358490566, 0.7110849056603774, 0.6898584905660378, 0.75, 0.7417452830188679]","[0.6231977913763628, 0.5825271432993019, 0.581672791730512, 0.5094695859423257, 0.5239345564602639]",COMPLETE,xgb,0.7042452830188679,0.5641603737617532,378.6
19,0.5969649606921618,2026-04-14 22:43:19.436607,2026-04-14 22:43:29.549150,0 days 00:00:10.112543,0.7494803851311659,1.6058757650862998,0.01761370669517897,4,17,0.002561088312974372,0.024912417260024727,0.8449824006362925,,,,,,PRUNED,xgb,,,
20,0.596846980250927,2026-04-14 22:43:29.566793,2026-04-14 22:43:36.445742,0 days 00:00:06.878949,0.6086109621684825,2.396765886951213,0.024477347449160566,4,15,0.0014886870077699804,0.03418142037658587,0.9123161127609904,,,,,,PRUNED,xgb,,,
21,0.5968035896180407,2026-04-14 22:43:36.465316,2026-04-14 22:43:41.532844,0 days 00:00:05.067528,0.7598189518253154,2.7580712556728826,0.04520105819918696,4,18,0.0038819097888976328,0.18366940493774078,0.7973736500379813,,,,,,PRUNED,xgb,,,
22,0.5650326912412501,2026-04-14 22:43:41.547876,2026-04-14 22:44:10.958501,0 days 00:00:29.410625,0.9083135736046613,0.05945710806545357,0.016588021092168437,3,11,0.02698436576296099,0.1962071460882405,0.7771842091614318,416.4,0.7049528301886793,0.5650326912412501,"[0.6367924528301887, 0.7004716981132075, 0.6969339622641509, 0.7511792452830188, 0.7393867924528302]","[0.6188284423244547, 0.5828310673007628, 0.5823073262797004, 0.513192740849139, 0.5280038794521936]",COMPLETE,xgb,0.7049528301886793,0.5650326912412501,416.4
23,0.565813779288839,2026-04-14 22:44:10.974849,2026-04-14 22:44:39.748607,0 days 00:00:28.773758,0.682459262035108,2.1827198990476147,0.014415872509419708,4,7,0.007450355997619264,2.741074459852874,0.6516276433659303,375.0,0.7056603773584905,0.565813779288839,"[0.6320754716981132, 0.7099056603773585, 0.6922169811320755, 0.7488207547169812, 0.7452830188679245]","[0.6214415241642998, 0.5836170267415458, 0.5782839645713789, 0.5163417182635656, 0.5293846627034052]",COMPLETE,xgb,0.7056603773584905,0.565813779288839,375.0
24,0.6012821585197676,2026-04-14 22:44:39.766002,2026-04-14 22:44:48.373393,0 days 00:00:08.607391,0.9089848156774106,2.895296980700228,0.026146388959170437,5,4,0.0033781047216779785,0.013781874405820693,0.9121077859136648,,,,,,PRUNED,xgb,,,
25,0.5665510002001025,2026-04-14 22:44:48.392088,2026-04-14 22:44:55.759094,0 days 00:00:07.367006,0.7784027193442821,1.3588530286581264,0.07482227022847905,3,18,0.0010856592931584796,0.34359906257426337,0.7231268999268673,,,,,,PRUNED,xgb,,,
26,0.5644884610059339,2026-04-14 22:44:55.775048,2026-04-14 22:45:05.101320,0 days 00:00:09.326272,0.5817786594722769,3.629005208257566,0.046376209983106834,4,14,0.11200735861199657,0.08891765886689595,0.5453814695719217,126.8,0.7049528301886792,0.5644884610059339,"[0.6356132075471698, 0.7040094339622641, 0.6933962264150944, 0.7476415094339622, 0.7441037735849056]","[0.6186856567759835, 0.5851002871499293, 0.5769201877909138, 0.5136698309810593, 0.5280663423317834]",COMPLETE,xgb,0.7049528301886792,0.5644884610059339,126.8
27,0.5653303875718079,2026-04-14 22:45:05.117375,2026-04-14 22:45:26.324291,0 days 00:00:21.206916,0.5714637573537596,3.800596115794448,0.021542602125545027,6,14,0.11899921064797762,0.08631202424182068,0.5949249944030268,236.0,0.7075471698113207,0.5653303875718079,"[0.6450471698113207, 0.7110849056603774, 0.6875, 0.7476415094339622, 0.7464622641509434]","[0.6194322281025245, 0.5867317891233748, 0.5783711959404606, 0.5157513701196184, 0.5263653545730614]",COMPLETE,xgb,0.7075471698113207,0.5653303875718079,236.0
28,0.5639840414925541,2026-04-14 22:45:26.338986,2026-04-14 22:45:56.414351,0 days 00:00:30.075365,0.6831721052006878,4.882484124446535,0.013584998388879438,5,15,0.45782396018404065,0.03870812815634791,0.675985999832973,360.8,0.7023584905660378,0.5639840414925541,"[0.625, 0.7051886792452831, 0.6933962264150944, 0.7429245283018868, 0.7452830188679245]","[0.618296403824242, 0.5831258167728383, 0.5735059386139056, 0.5177091064457001, 0.527282941806084]",COMPLETE,xgb,0.7023584905660378,0.5639840414925541,360.8
29,0.5626709895895499,2026-04-14 22:45:56.429643,2026-04-14 22:46:29.162274,0 days 00:00:32.732631,0.7055779850198624,4.809752147751409,0.013809645621212093,5,18,0.599402219230699,0.030805000365136084,0.6741628468600174,419.6,0.7011792452830189,0.5626709895895499,"[0.6356132075471698, 0.7004716981132075, 0.6875, 0.7382075471698113, 0.7441037735849056]","[0.6191266723091812, 0.5834049130552766, 0.5716172643275318, 0.5138224816015132, 0.5253836166542469]",COMPLETE,xgb,0.7011792452830189,0.5626709895895499,419.6
30,0.56436726244365,2026-04-14 22:46:29.196175,2026-04-14 22:47:00.237689,0 days 00:00:31.041514,0.6996928344076514,4.972074496417634,0.013445463960180955,5,19,0.7232903292367393,0.008552928414260596,0.6627210635883597,408.0,0.7028301886792453,0.56436726244365,"[0.6391509433962265, 0.6957547169811321, 0.6957547169811321, 0.7429245283018868, 0.7405660377358491]","[0.6188569199763299, 0.5853931707917076, 0.5755997921763266, 0.5149377784700432, 0.5270486508038421]",COMPLETE,xgb,0.7028301886792453,0.56436726244365,408.0
31,0.5641088209488301,2026-04-14 22:47:00.252652,2026-04-14 22:47:31.354273,0 days 00:00:31.101621,0.7190796172397161,4.163177647940099,0.014326057624783348,5,16,0.45111620543294484,0.029974127180329317,0.7384787146198859,373.8,0.6969339622641509,0.5641088209488301,"[0.6202830188679245, 0.6992924528301887, 0.6827830188679245, 0.7464622641509434, 0.7358490566037735]","[0.618789539018379, 0.5843628257764264, 0.5784232421454315, 0.514188743414988, 0.5247797543889258]",COMPLETE,xgb,0.6969339622641509,0.5641088209488301,373.8
32,0.563481451182469,2026-04-14 22:47:31.371614,2026-04-14 22:48:03.280859,0 days 00:00:31.909245,0.6402290886170292,4.467465761589042,0.013817083282700808,6,16,0.49800862944976027,0.043355974094930076,0.7364564332983328,363.2,0.7021226415094339,0.563481451182469,"[0.6332547169811321, 0.7063679245283019, 0.6898584905660378, 0.7511792452830188, 0.7299528301886793]","[0.6174094577490264, 0.58225560689619, 0.5784985393554125, 0.5132480898968127, 0.5259955620149032]",COMPLETE,xgb,0.7021226415094339,0.563481451182469,363.2
33,0.5759513292775726,2026-04-14 22:48:03.293600,2026-04-14 22:48:31.030488,0 days 00:00:27.736888,0.6477395358679179,4.622048314319628,0.011999174442928045,6,15,2.522172303866618,0.04688898186591943,0.692543657932168,,,,,,PRUNED,xgb,,,
34,0.5640035377906598,2026-04-14 22:48:31.049096,2026-04-14 22:49:02.661999,0 days 00:00:31.612903,0.641858409921951,4.7563714667838966,0.014537265048946073,7,18,0.23327925961329674,0.017534371463836334,0.6195219796948183,372.2,0.7061320754716982,0.5640035377906598,"[0.6415094339622641, 0.7004716981132075, 0.6922169811320755, 0.7558962264150944, 0.7405660377358491]","[0.618018378184913, 0.5816062438771162, 0.5785755778691467, 0.5168248951908381, 0.5249925938312852]",COMPLETE,xgb,0.7061320754716982,0.5640035377906598,372.2
35,0.5949358141627127,2026-04-14 22:49:02.675636,2026-04-14 22:49:08.919720,0 days 00:00:06.244084,0.5341862066464702,4.277861017579577,0.03277278602364058,6,12,1.2891585375199737,0.007785045534902423,0.6715622862830535,,,,,,PRUNED,xgb,,,
36,0.5959840327034122,2026-04-14 22:49:08.936475,2026-04-14 22:49:16.530503,0 days 00:00:07.594028,0.6746940323086471,4.950510898253296,0.02333758567110717,5,15,0.513556781353921,0.0041461828457024725,0.7621408045274298,,,,,,PRUNED,xgb,,,
37,0.5964645466997339,2026-04-14 22:49:16.546997,2026-04-14 22:49:31.836974,0 days 00:00:15.289977,0.7144474486560343,4.428255785276582,0.013135424033541815,6,13,4.191636477994736,0.13253869900053203,0.7223283616820514,,,,,,PRUNED,xgb,,,
38,0.5641251508605953,2026-04-14 22:49:31.875882,2026-04-14 22:50:00.235327,0 days 00:00:28.359445,0.7827540657203292,4.1201695347134475,0.016468934569860226,5,16,0.19863225141734572,0.0010248772316972675,0.7028786026592924,323.0,0.7051886792452831,0.5641251508605953,"[0.6403301886792453, 0.7075471698113207, 0.6863207547169812, 0.7558962264150944, 0.7358490566037735]","[0.6177312797274577, 0.583010763962344, 0.5772726230242482, 0.5145237676592431, 0.5280873199296838]",COMPLETE,xgb,0.7051886792452831,0.5641251508605953,323.0
39,0.5642825527252643,2026-04-14 22:50:00.256901,2026-04-14 22:50:27.695420,0 days 00:00:27.438519,0.8329175625140753,4.495694145379714,0.020707826913224783,6,19,1.0062805129244627,0.060029922991177265,0.609538448028774,295.8,0.707311320754717,0.5642825527252643,"[0.6497641509433962, 0.7063679245283019, 0.6945754716981132, 0.7464622641509434, 0.7393867924528302]","[0.6189653583870375, 0.5844749373762542, 0.5756613829544747, 0.51629003689765, 0.526021048010905]",COMPLETE,xgb,0.707311320754717,0.5642825527252643,295.8
40,0.5644460179925144,2026-04-14 22:50:27.709494,2026-04-14 22:51:03.840369,0 days 00:00:36.130875,0.6365669625952678,4.695926876340832,0.012035901292895355,7,17,0.37532740548933696,0.01863954351358866,0.7292443594247666,392.0,0.7033018867924529,0.5644460179925144,"[0.6320754716981132, 0.7122641509433962, 0.6922169811320755, 0.7452830188679245, 0.7346698113207547]","[0.6196218089278699, 0.5802701432927427, 0.5789524957696631, 0.515938000855827, 0.527447641116469]",COMPLETE,xgb,0.7033018867924529,0.5644460179925144,392.0
41,0.5943790778482444,2026-04-14 22:51:03.859120,2026-04-14 22:51:16.060941,0 days 00:00:12.201821,0.6569100434081732,4.743236184208615,0.014712362481739707,7,18,0.20436220000172636,0.04137791668540521,0.6230341406761041,,,,,,PRUNED,xgb,,,
42,0.5645617971301066,2026-04-14 22:51:16.075202,2026-04-14 22:51:44.951539,0 days 00:00:28.876337,0.5712052004952534,4.915516300154071,0.01599536301455682,8,19,1.8498004533211145,0.021003955385384653,0.6626784884720107,395.2,0.7023584905660377,0.5645617971301066,"[0.6297169811320755, 0.7004716981132075, 0.6957547169811321, 0.7464622641509434, 0.7393867924528302]","[0.6200452077812434, 0.5820490763019088, 0.5732380965005077, 0.5190740798727906, 0.5284025251940824]",COMPLETE,xgb,0.7023584905660377,0.5645617971301066,395.2
43,0.5937597190116083,2026-04-14 22:51:44.966351,2026-04-14 22:52:00.722143,0 days 00:00:15.755792,0.6017570518363355,4.355401186722655,0.01035772054721654,7,16,0.28577433990017564,0.012339555238778253,0.5873532692830035,,,,,,PRUNED,xgb,,,
44,0.5746419925891282,2026-04-14 22:52:00.743705,2026-04-14 22:52:22.513530,0 days 00:00:21.769825,0.6882869675573152,4.015839476122951,0.012280795782166811,5,18,0.6634638002769652,0.13361974064543553,0.6156486643346417,,,,,,PRUNED,xgb,,,
45,0.5962274135483585,2026-04-14 22:52:22.533522,2026-04-14 22:52:29.997267,0 days 00:00:07.463745,0.5309686202644812,4.7750549674209735,0.02074254477826754,7,15,0.06430509181846426,0.0029236350421245685,0.6815610460157786,,,,,,PRUNED,xgb,,,
46,0.6024964704104218,2026-04-14 22:52:30.014445,2026-04-14 22:52:32.707213,0 days 00:00:02.692768,0.7992083363406131,3.583429290675344,0.16855313797438623,6,19,0.30778804747029376,0.006331125525314467,0.6494594559500697,,,,,,PRUNED,xgb,,,
47,0.576443171911907,2026-04-14 22:52:32.722624,2026-04-14 22:52:42.574180,0 days 00:00:09.851556,0.4796025146802614,4.549036942856078,0.02701342512820098,6,13,0.14190855505154285,0.26567818052447123,0.5752525152196615,,,,,,PRUNED,xgb,,,
48,0.5628629500026484,2026-04-14 22:52:42.589939,2026-04-14 22:53:07.194434,0 days 00:00:24.604495,0.6315179172752141,4.288670196391746,0.01947153744680399,5,17,0.053516210536347766,0.059512327258814945,0.7109058080955566,317.8,0.7068396226415095,0.5628629500026484,"[0.6403301886792453, 0.7099056603773585, 0.6945754716981132, 0.7452830188679245, 0.7441037735849056]","[0.6185044835579946, 0.5837979107480206, 0.5760735304095961, 0.510240055859674, 0.5256987694379569]",COMPLETE,xgb,0.7068396226415095,0.5628629500026484,317.8
49,0.596382203845375,2026-04-14 22:53:07.210861,2026-04-14 22:53:14.858992,0 days 00:00:07.648131,0.7290862987725192,4.337057565419532,0.018193589633256856,5,14,0.06260005952721355,0.06251084656241272,0.7061797977375979,,,,,,PRUNED,xgb,,,
50,0.6112284676020533,2026-04-14 22:53:14.875745,2026-04-14 22:53:16.701488,0 days 00:00:01.825743,0.629340827059491,3.58425519278804,0.28770834046223753,5,17,0.04062023866029079,0.27262450681508227,0.7496266908070514,,,,,,PRUNED,xgb,,,
51,0.5943491625883138,2026-04-14 22:53:16.716844,2026-04-14 22:53:30.423730,0 days 00:00:13.706886,0.6585754779828373,4.819862557104243,0.011309431241959498,6,20,0.81209397155842,0.017174786586938978,0.6793756098721423,,,,,,PRUNED,xgb,,,
52,0.564390086275615,2026-04-14 22:53:30.438283,2026-04-14 22:53:55.175250,0 days 00:00:24.736967,0.684887575624696,4.214763261374719,0.015112966319037649,4,17,0.1737442079543058,0.1276968797180526,0.7089392175471187,366.6,0.7021226415094339,0.564390086275615,"[0.6308962264150944, 0.7087264150943396, 0.6898584905660378, 0.7452830188679245, 0.7358490566037735]","[0.619347180869647, 0.5798514751442305, 0.5766463362076191, 0.5153556703780916, 0.5307497687784872]",COMPLETE,xgb,0.7021226415094339,0.564390086275615,366.6
53,0.5646252012965675,2026-04-14 22:53:55.192047,2026-04-14 22:54:17.287502,0 days 00:00:22.095455,0.6274778554262105,4.524303953464922,0.018962010129306105,5,18,0.49532011546673654,0.036561888873121964,0.6399134477092812,291.0,0.7047169811320754,0.5646252012965675,"[0.6438679245283019, 0.6981132075471698, 0.6933962264150944, 0.7488207547169812, 0.7393867924528302]","[0.6175887277735428, 0.5876818130890111, 0.5727488239941416, 0.517409931567939, 0.5276967100582025]",COMPLETE,xgb,0.7047169811320754,0.5646252012965675,291.0
54,0.5976820903191481,2026-04-14 22:54:17.301620,2026-04-14 22:54:33.139431,0 days 00:00:15.837811,0.5899543442549143,4.739914684466624,0.010177730914348605,8,16,1.578221046369314,0.0761411377164523,0.7712322352870488,,,,,,PRUNED,xgb,,,
55,0.5942534455825962,2026-04-14 22:54:33.160807,2026-04-14 22:54:46.568279,0 days 00:00:13.407472,0.7709300407588303,4.990744905470201,0.01318499447225566,4,19,2.48608355970498,0.04603630312906669,0.7387274262037993,,,,,,PRUNED,xgb,,,
56,0.5959034342598167,2026-04-14 22:54:46.582651,2026-04-14 22:54:54.730982,0 days 00:00:08.148331,0.7118746095143058,3.105540210141226,0.02368036978870918,6,16,0.2632625305555177,0.025067906938941117,0.6326906886418511,,,,,,PRUNED,xgb,,,
57,0.5968706409739019,2026-04-14 22:54:54.747744,2026-04-14 22:55:00.990434,0 days 00:00:06.242690,0.5503257141791836,2.08281061203604,0.029709112200261796,5,20,0.020654143234532102,0.0057301812673485174,0.8217864582438218,,,,,,PRUNED,xgb,,,
58,0.6003262613527579,2026-04-14 22:55:01.005355,2026-04-14 22:55:16.412324,0 days 00:00:15.406969,0.7490115174231158,3.949038647804602,0.016147066404887576,7,18,8.909103005818057,0.010640907889889396,0.6908200806236812,,,,,,PRUNED,xgb,,,
59,0.6010784533680101,2026-04-14 22:55:16.437446,2026-04-14 22:55:18.840429,0 days 00:00:02.402983,0.4935450725941794,4.5764001663754446,0.10901207194853176,4,12,0.086541548211098,0.018025383632479356,0.5330173627432674,,,,,,PRUNED,xgb,,,
60,0.5941508683924362,2026-04-14 22:55:18.859222,2026-04-14 22:55:23.761226,0 days 00:00:04.902004,0.6194169676976196,0.4407354692327541,0.03747203785219507,3,15,0.005896601154529768,0.5357314621087067,0.6578766869768747,,,,,,PRUNED,xgb,,,
61,0.563401419807235,2026-04-14 22:55:23.777513,2026-04-14 22:55:57.330490,0 days 00:00:33.552977,0.7232659040528724,4.108401748079033,0.013713810253116887,5,16,0.45607186950975925,0.03211628731472356,0.7438824192338609,394.2,0.7011792452830189,0.563401419807235,"[0.6320754716981132, 0.7051886792452831, 0.6875, 0.7476415094339622, 0.7334905660377359]","[0.617183875083817, 0.581422944999438, 0.578363378302434, 0.517123630456176, 0.5229132701943098]",COMPLETE,xgb,0.7011792452830189,0.563401419807235,394.2
62,0.5946355155659057,2026-04-14 22:55:57.346213,2026-04-14 22:56:09.719493,0 days 00:00:12.373280,0.6632275501410869,4.382874102958734,0.01315118232906202,5,17,0.6027373738091739,0.032319519567814335,0.7160817543708167,,,,,,PRUNED,xgb,,,
63,0.5960887608082749,2026-04-14 22:56:09.745315,2026-04-14 22:56:19.232276,0 days 00:00:09.486961,0.6992722861013329,3.7978284258333055,0.017526373358440542,5,16,0.3687434041589181,0.06330928824973381,0.7811155683076336,,,,,,PRUNED,xgb,,,
64,0.5939162049685353,2026-04-14 22:56:19.251103,2026-04-14 22:56:30.986629,0 days 00:00:11.735526,0.743896405536923,4.105926951714948,0.015090173601731356,4,18,0.8354066376989097,0.12701946445874454,0.7419034300003651,,,,,,PRUNED,xgb,,,
65,0.5639902575511656,2026-04-14 22:56:31.003887,2026-04-14 22:57:10.730007,0 days 00:00:39.726120,0.6425886236268475,3.41598459757748,0.011149248268257113,5,14,1.1216464605212773,0.013855265082642803,0.6740729922650097,475.2,0.7016509433962265,0.5639902575511656,"[0.6226415094339622, 0.7040094339622641, 0.6922169811320755, 0.7476415094339622, 0.7417452830188679]","[0.6211017255116636, 0.5804020436888808, 0.5759558514481277, 0.5151942313379515, 0.5272974357692045]",COMPLETE,xgb,0.7016509433962265,0.5639902575511656,475.2
66,0.5636886981509137,2026-04-14 22:57:10.742977,2026-04-14 22:57:56.836308,0 days 00:00:46.093331,0.8189738663139104,3.4672140007029184,0.01114454629717301,5,14,1.238030464098316,0.10393114426098893,0.6914618945408283,475.6,0.702122641509434,0.5636886981509137,"[0.6344339622641509, 0.7122641509433962, 0.6804245283018868, 0.7488207547169812, 0.7346698113207547]","[0.6220000757373642, 0.5805207547664766, 0.5763269952069775, 0.5139963674028772, 0.5255992976408733]",COMPLETE,xgb,0.702122641509434,0.5636886981509137,475.6
67,0.5976195450060728,2026-04-14 22:57:56.854785,2026-04-14 22:58:17.371621,0 days 00:00:20.516836,0.857044428963308,2.9198813472623297,0.011333131832339024,5,10,4.498297891555876,0.1641540050790399,0.7940610504472391,,,,,,PRUNED,xgb,,,
68,0.5649586751780491,2026-04-14 22:58:17.398864,2026-04-14 22:58:44.258746,0 days 00:00:26.859882,0.8251626062464921,1.8925083896520303,0.019352354443280016,4,15,1.5338145738121116,0.09763097607740197,0.6974588558700717,,,,,,PRUNED,xgb,,,
69,0.5945654984868126,2026-04-14 22:58:44.282667,2026-04-14 22:59:03.851208,0 days 00:00:19.568541,0.9497122467223531,2.4246944762911147,0.010022676838390794,5,13,0.012208391044171608,1.05725804944063,0.726898979177036,,,,,,PRUNED,xgb,,,
70,0.5945054995578658,2026-04-14 22:59:03.870338,2026-04-14 22:59:19.535369,0 days 00:00:15.665031,0.7335630610028748,3.8361300519335533,0.013118139573923484,4,11,2.916761371817768,0.05112699059816293,0.7620347363709518,,,,,,PRUNED,xgb,,,
71,0.5743293441998293,2026-04-14 22:59:19.554658,2026-04-14 22:59:44.626054,0 days 00:00:25.071396,0.6662440663921079,3.452483840793345,0.011426066608439278,5,14,1.076955959712353,0.027988904375825973,0.6712035799805924,,,,,,PRUNED,xgb,,,
72,0.5960447342548104,2026-04-14 22:59:44.642716,2026-04-14 22:59:57.984331,0 days 00:00:13.341615,0.8078617538723443,3.005265767819452,0.012337617924032443,5,13,0.38610600182266747,0.07178444663565238,0.6835724169331883,,,,,,PRUNED,xgb,,,
73,0.5945346270140791,2026-04-14 22:59:58.005477,2026-04-14 23:00:12.338648,0 days 00:00:14.333171,0.882945581071657,3.386050355382092,0.013980082638809213,5,15,0.9021463977045389,0.03780575469165789,0.7119792058358532,,,,,,PRUNED,xgb,,,
74,0.5741324013288676,2026-04-14 23:00:12.356499,2026-04-14 23:00:33.589365,0 days 00:00:21.232866,0.7021852805026222,4.0287939977037,0.016984847909344767,6,16,1.3510562999308102,0.2375019943595075,0.6383664514611862,,,,,,PRUNED,xgb,,,
75,0.5945035560790098,2026-04-14 23:00:33.607705,2026-04-14 23:00:40.771416,0 days 00:00:07.163711,0.3730148525466046,2.5167241587501805,0.021684953495480778,5,17,0.5525401161354714,0.3647005164069459,0.6702705879454787,,,,,,PRUNED,xgb,,,
76,0.5937838653224284,2026-04-14 23:00:40.788123,2026-04-14 23:00:59.835649,0 days 00:00:19.047526,0.6115274212837261,3.2545785218161134,0.010911604988999266,6,3,0.0017306292724018615,0.10493058825730438,0.6495582713605093,,,,,,PRUNED,xgb,,,
77,0.5638393304366487,2026-04-14 23:00:59.853705,2026-04-14 23:01:35.402630,0 days 00:00:35.548925,0.7918269057223586,1.4390628571597883,0.01541335732700233,4,14,1.9384597059518234,0.014276409456225042,0.6973669391558409,438.6,0.7047169811320755,0.5638393304366487,"[0.6320754716981132, 0.714622641509434, 0.6981132075471698, 0.7417452830188679, 0.7370283018867925]","[0.6195000141433824, 0.5834151098199847, 0.5766105844548749, 0.5127396812632417, 0.5269312625017599]",COMPLETE,xgb,0.7047169811320755,0.5638393304366487,438.6
78,0.5944446112783056,2026-04-14 23:01:35.420530,2026-04-14 23:01:47.330839,0 days 00:00:11.910309,0.7638352213157074,4.227446139347403,0.016060509276075833,3,14,2.0246169662646794,0.010214074098839388,0.750431342820484,,,,,,PRUNED,xgb,,,
79,0.5954924352424987,2026-04-14 23:01:47.346487,2026-04-14 23:01:59.195281,0 days 00:00:11.848794,0.8177300612594202,1.2867151198029636,0.019669024030920218,4,16,2.8218933119603378,0.022175587708437045,0.7313790755442556,,,,,,PRUNED,xgb,,,
80,0.5759352711828984,2026-04-14 23:01:59.213098,2026-04-14 23:02:21.256726,0 days 00:00:22.043628,0.7225727422073495,1.6912593200701433,0.015146749243495471,4,17,4.000537281807756,0.04737577962672987,0.6990014380132014,,,,,,PRUNED,xgb,,,
81,0.5942888854300971,2026-04-14 23:02:21.281165,2026-04-14 23:02:36.752617,0 days 00:00:15.471452,0.7816956818102828,4.419681138613468,0.012586504798547386,5,14,1.0782223397613142,0.015692199035349817,0.6900220283924863,,,,,,PRUNED,xgb,,,
82,0.5625868275136572,2026-04-14 23:02:36.773458,2026-04-14 23:03:10.527167,0 days 00:00:33.753709,0.6475639066758382,2.8112974818365712,0.013840421242394147,4,15,0.6963806850263214,0.02407953620765273,0.6737077548703991,461.0,0.7051886792452831,0.5625868275136572,"[0.6379716981132075, 0.7087264150943396, 0.6886792452830188, 0.7476415094339622, 0.7429245283018868]","[0.6168114788207925, 0.5817526761374963, 0.5743796111597133, 0.5139448718449204, 0.5260454996053636]",COMPLETE,xgb,0.7051886792452831,0.5625868275136572,461.0
83,0.5646998201163074,2026-04-14 23:03:10.550121,2026-04-14 23:03:40.068681,0 days 00:00:29.518560,0.6893348572040021,2.8041300916142884,0.013930444748184207,3,15,0.6865987665955844,0.030161499798565142,0.7128712686547797,,,,,,PRUNED,xgb,,,
84,0.5957082439602672,2026-04-14 23:03:40.088566,2026-04-14 23:03:44.473923,0 days 00:00:04.385357,0.7908461701320652,2.2261105288528356,0.05614628251982115,4,16,0.3877293163762842,0.024060487017778718,0.6597631447873155,,,,,,PRUNED,xgb,,,
85,0.5936021228303304,2026-04-14 23:03:44.490587,2026-04-14 23:03:56.359191,0 days 00:00:11.868604,0.8437984256359632,2.613718095976064,0.017146832754568176,4,12,0.141803562766943,0.038493090394422336,0.7194172347573558,,,,,,PRUNED,xgb,,,
86,0.5950250480283594,2026-04-14 23:03:56.381810,2026-04-14 23:04:07.767502,0 days 00:00:11.385692,0.5953732070611173,4.872763304276129,0.012082158566644992,4,17,0.3106256433197348,0.05704060392492836,0.698858383668747,,,,,,PRUNED,xgb,,,
87,0.5960904953126714,2026-04-14 23:04:07.783618,2026-04-14 23:04:16.780051,0 days 00:00:08.996433,0.5664878494912386,4.625682349439339,0.02194376445712132,4,15,1.7645714380052193,0.10886456862435077,0.7626764538540862,,,,,,PRUNED,xgb,,,
88,0.5965460009632801,2026-04-14 23:04:16.796761,2026-04-14 23:04:27.845962,0 days 00:00:11.049201,0.6758116793366813,3.6954258692334876,0.015394318683626713,3,9,0.4997764699486302,0.16429791446591446,0.9142678703177431,,,,,,PRUNED,xgb,,,
89,0.5621213124454714,2026-04-14 23:04:27.876256,2026-04-14 23:04:54.427475,0 days 00:00:26.551219,0.750950631590219,0.8040705015778107,0.018212498977110348,6,19,0.036931744554477244,0.010160283181693106,0.6830070964227709,272.8,0.7075471698113207,0.5621213124454714,"[0.6415094339622641, 0.7075471698113207, 0.6992924528301887, 0.7476415094339622, 0.7417452830188679]","[0.6188084479351466, 0.5839725913572333, 0.5718937533885601, 0.5099804066738406, 0.525951362872576]",COMPLETE,xgb,0.7075471698113207,0.5621213124454714,272.8
90,0.5944677135617448,2026-04-14 23:04:54.452423,2026-04-14 23:05:02.441901,0 days 00:00:07.989478,0.8801906043198661,1.3740845684505878,0.02497658970965102,6,19,0.03268596664447148,0.005667288855743582,0.5000367063365547,,,,,,PRUNED,xgb,,,
91,0.5740287351783552,2026-04-14 23:05:02.462006,2026-04-14 23:05:20.034676,0 days 00:00:17.572670,0.763151510416348,0.9145211680172299,0.018290246637232443,6,17,0.045894350350084226,0.009177516568731637,0.6796547248629615,,,,,,PRUNED,xgb,,,
92,0.5935344693895693,2026-04-14 23:05:20.055608,2026-04-14 23:05:33.278182,0 days 00:00:13.222574,0.7090632240253609,0.2520722259005145,0.013771273786345775,6,18,0.07995843893649211,0.013073534653151364,0.6491450162160041,,,,,,PRUNED,xgb,,,
93,0.5959731593948676,2026-04-14 23:05:33.295058,2026-04-14 23:05:36.866807,0 days 00:00:03.571749,0.7361955382134068,1.2519072928700117,0.07113356288867452,5,16,0.009492328955196222,0.020490846359863285,0.6633675432191908,,,,,,PRUNED,xgb,,,
94,0.5943305940204465,2026-04-14 23:05:36.887113,2026-04-14 23:05:47.531530,0 days 00:00:10.644417,0.6465905360269375,0.46351370465336794,0.01425249333968974,5,20,0.049280699293515945,0.03448414211779792,0.731640741820609,,,,,,PRUNED,xgb,,,
95,0.5935334351122208,2026-04-14 23:05:47.549734,2026-04-14 23:05:59.149494,0 days 00:00:11.599760,0.7570644660295869,1.104859760450038,0.016305565334920873,6,19,0.022115646458002673,0.08077331382410143,0.6273854488633192,,,,,,PRUNED,xgb,,,
96,0.5948946421637755,2026-04-14 23:05:59.169392,2026-04-14 23:06:07.631163,0 days 00:00:08.461771,0.7960409657104768,0.7099282346314222,0.020371088486223286,5,17,0.7110280113919569,0.007167385079114971,0.7061747164119722,,,,,,PRUNED,xgb,,,
97,0.5937333095400629,2026-04-14 23:06:07.649308,2026-04-14 23:06:17.305258,0 days 00:00:09.655950,0.6750213875951099,4.6303678967888,0.01820355618805023,4,13,0.18279340924023288,0.02649993207914982,0.6857242499591624,,,,,,PRUNED,xgb,,,
98,0.5636603878310635,2026-04-14 23:06:17.321865,2026-04-14 23:06:54.165256,0 days 00:00:36.843391,0.722005195145337,0.799188031828875,0.012852604672748156,5,15,0.24379220879785196,0.004523397643151192,0.7394136790109264,406.4,0.7049528301886793,0.5636603878310635,"[0.6332547169811321, 0.7110849056603774, 0.6886792452830188, 0.7511792452830188, 0.7405660377358491]","[0.6192351816195304, 0.5805431304267816, 0.5796932154048667, 0.5135744712444682, 0.5252559404596708]",COMPLETE,xgb,0.7049528301886793,0.5636603878310635,406.4
99,0.6048906337290255,2026-04-14 23:06:54.179517,2026-04-14 23:06:56.223400,0 days 00:00:02.043883,0.7196677081610147,0.6475697414711921,0.19329378440515488,4,18,0.23047882022192465,0.0032034867190935093,0.7462795047427617,,,,,,PRUNED,xgb,,,
