number,value,datetime_start,datetime_complete,duration,params_auto_class_weights,params_bagging_temperature,params_border_count,params_depth,params_l2_leaf_reg,params_learning_rate,params_min_data_in_leaf,params_random_strength,params_subsample,user_attrs_avg_best_iteration,user_attrs_cv_accuracy,user_attrs_cv_logloss,user_attrs_fold_accs,user_attrs_fold_lls,state,model,cv_accuracy,cv_logloss,avg_best_iteration
0,0.6020871035626466,2026-04-14 23:14:26.606299,2026-04-14 23:14:31.344311,0 days 00:00:04.738012,Balanced,0.2904180608409973,226,5,0.24810409748678125,0.2536999076681772,8,0.7799726016810132,0.8659969709057025,12.8,0.6768867924528302,0.6020871035626466,"[0.6096698113207547, 0.6639150943396226, 0.6768867924528302, 0.7063679245283019, 0.7275943396226415]","[0.655552221475381, 0.6193181979638457, 0.614301311872087, 0.561300140380496, 0.5599636461214234]",COMPLETE,cat,0.6768867924528302,0.6020871035626466,12.8
1,0.5897927288537786,2026-04-14 23:14:31.369590,2026-04-14 23:14:33.691310,0 days 00:00:02.321720,,1.5212112147976886,149,3,0.0070689749506246055,0.2708160864249968,10,0.9170225492671691,0.9162213204002109,20.4,0.6891509433962264,0.5897927288537786,"[0.6049528301886793, 0.6721698113207547, 0.6933962264150944, 0.7346698113207547, 0.7405660377358491]","[0.6544445967950432, 0.6036741650173733, 0.5999401343315358, 0.5378027195995918, 0.5531020285253492]",COMPLETE,cat,0.6891509433962264,0.5897927288537786,20.4
2,0.5965565500781939,2026-04-14 23:14:33.711586,2026-04-14 23:15:55.280731,0 days 00:01:21.569145,,0.9983689107917987,147,7,0.029204338471814112,0.01607123851203988,23,3.925879806965068,0.6460723242676091,377.2,0.6764150943396225,0.5965565500781939,"[0.5825471698113207, 0.6674528301886793, 0.6804245283018868, 0.7216981132075472, 0.7299528301886793]","[0.6665209560900026, 0.6162746945298094, 0.6069735655414242, 0.5359947783331401, 0.5570187558965926]",COMPLETE,cat,0.6764150943396225,0.5965565500781939,377.2
3,0.5769323700771108,2026-04-14 23:15:55.294302,2026-04-14 23:17:06.238386,0 days 00:01:10.944084,,1.5230688458668533,53,7,6.245139574743075,0.0178601378893971,49,4.041986740582305,0.5325257964926398,648.6,0.6997641509433963,0.5769323700771108,"[0.6238207547169812, 0.7004716981132075, 0.7004716981132075, 0.7346698113207547, 0.7393867924528302]","[0.6438588262717388, 0.5902044153277672, 0.584028299391079, 0.5311927728987088, 0.5353775364962605]",COMPLETE,cat,0.6997641509433963,0.5769323700771108,648.6
4,0.5685700563525381,2026-04-14 23:17:06.267886,2026-04-14 23:17:19.063839,0 days 00:00:12.795953,,1.5585553804470549,148,3,4.337920697490942,0.05388108577817234,13,3.31261142176991,0.5171942605576092,312.8,0.7035377358490567,0.5685700563525381,"[0.6403301886792453, 0.6922169811320755, 0.6992924528301887, 0.75, 0.7358490566037735]","[0.6265977452590311, 0.5839224765654621, 0.5796341473139537, 0.5239414489913458, 0.5287544636328975]",COMPLETE,cat,0.7035377358490567,0.5685700563525381,312.8
5,0.6012715095347476,2026-04-14 23:17:19.083808,2026-04-14 23:17:56.336481,0 days 00:00:37.252673,Balanced,0.4424625102595975,75,9,3.7958531426706403,0.13962563737015762,30,4.609371175115584,0.9697494707820946,67.6,0.6735849056603774,0.6012715095347476,"[0.6132075471698113, 0.6686320754716981, 0.6462264150943396, 0.7311320754716981, 0.7087264150943396]","[0.6476468201382163, 0.6228520719736441, 0.6262704191663874, 0.5511792843163269, 0.5584089520791637]",COMPLETE,cat,0.6735849056603774,0.6012715095347476,67.6
6,0.5880403389456554,2026-04-14 23:17:56.349425,2026-04-14 23:18:34.298240,0 days 00:00:37.948815,Balanced,0.7046211248738132,211,5,0.026730883107816707,0.02516607127550297,15,2.7134804157912424,0.9143687545759647,359.0,0.686556603773585,0.5880403389456554,"[0.6238207547169812, 0.660377358490566, 0.6804245283018868, 0.7299528301886793, 0.7382075471698113]","[0.6556803987162317, 0.6240170066618994, 0.5920559952290949, 0.5365435154950013, 0.5319047786260499]",COMPLETE,cat,0.686556603773585,0.5880403389456554,359.0
7,0.5758004567962148,2026-04-14 23:18:34.311903,2026-04-14 23:20:08.737616,0 days 00:01:34.425713,,3.8563517334297286,48,8,1.8274508859816028,0.019657448966046126,36,3.6450358402049368,0.5027610585618012,561.4,0.6959905660377359,0.5758004567962148,"[0.6367924528301887, 0.6792452830188679, 0.6922169811320755, 0.7287735849056604, 0.7429245283018868]","[0.6246323766220709, 0.6108012622669031, 0.5862520228309671, 0.5277213807352433, 0.5295952415258897]",COMPLETE,cat,0.6959905660377359,0.5758004567962148,561.4
8,0.6295161579457205,2026-04-14 23:20:08.752751,2026-04-14 23:20:37.423238,0 days 00:00:28.670487,,3.64803089169032,174,9,0.0017956984225677636,0.08330803890301997,16,1.6259166101337352,0.6654490124263246,16.0,0.644811320754717,0.6295161579457205,"[0.5577830188679245, 0.6238207547169812, 0.6438679245283019, 0.6851415094339622, 0.7134433962264151]","[0.6798974010502711, 0.6556453472798615, 0.6346854386721547, 0.6029282172762149, 0.5744243854500997]",COMPLETE,cat,0.644811320754717,0.6295161579457205,16.0
9,0.5909829288972565,2026-04-14 23:20:37.437855,2026-04-14 23:20:43.087209,0 days 00:00:05.649354,Balanced,2.6136641469099704,127,3,0.17583640270008521,0.1131225105716033,39,2.4689779818219537,0.8803925243084487,111.4,0.6875,0.5909829288972565,"[0.6120283018867925, 0.6615566037735849, 0.6827830188679245, 0.7311320754716981, 0.75]","[0.6666743229409077, 0.610283166469888, 0.6001277698391642, 0.5398303905606248, 0.5379989946756977]",COMPLETE,cat,0.6875,0.5909829288972565,111.4
10,0.5706503961028402,2026-04-14 23:20:43.103381,2026-04-14 23:20:56.264517,0 days 00:00:13.161136,,4.7988537297270994,104,4,0.7241143052589115,0.0500220915772748,2,2.7047195408777394,0.7590185822472575,251.6,0.7051886792452831,0.5706503961028402,"[0.6462264150943396, 0.6945754716981132, 0.6981132075471698, 0.7393867924528302, 0.7476415094339622]","[0.6330480572905254, 0.5852981653884792, 0.5765688740557885, 0.5268753833294438, 0.5314615004499644]",COMPLETE,cat,0.7051886792452831,0.5706503961028402,251.6
11,0.574173662116995,2026-04-14 23:20:56.277154,2026-04-14 23:21:10.420199,0 days 00:00:14.143045,,4.7213970919346835,111,4,0.8145039443050577,0.0422418554708793,2,2.730103545663009,0.7792623653896451,260.0,0.6964622641509435,0.574173662116995,"[0.6108490566037735, 0.6910377358490566, 0.6992924528301887, 0.7476415094339622, 0.7334905660377359]","[0.6413792526975085, 0.5911743105811723, 0.5801641440083926, 0.5244522531409952, 0.5336983501569061]",COMPLETE,cat,0.6964622641509435,0.574173662116995,260.0
12,0.5755560977835746,2026-04-14 23:21:10.433646,2026-04-14 23:21:21.648111,0 days 00:00:11.214465,,2.6981005340139883,94,4,0.5729891581071085,0.04572939823498841,1,1.8874714269275887,0.7508470552326313,216.2,0.6969339622641509,0.5755560977835746,"[0.5990566037735849, 0.6933962264150944, 0.7075471698113207, 0.7523584905660378, 0.7323113207547169]","[0.6462610075469056, 0.5928428596274707, 0.5794409190184331, 0.5233380148194884, 0.5358976879055755]",COMPLETE,cat,0.6969339622641509,0.5755560977835746,216.2
13,0.5691529381928191,2026-04-14 23:21:21.666879,2026-04-14 23:21:38.579218,0 days 00:00:16.912339,,4.772091754397456,186,4,9.941450502972591,0.057486995262846105,20,3.3130074119448287,0.6214869869747515,264.8,0.7056603773584905,0.5691529381928191,"[0.6509433962264151, 0.6933962264150944, 0.7016509433962265, 0.7393867924528302, 0.7429245283018868]","[0.6281457539000882, 0.5792978435722304, 0.5802223990459774, 0.5270657031244582, 0.5310329913213412]",COMPLETE,cat,0.7056603773584905,0.5691529381928191,264.8
14,0.5680837765899535,2026-04-14 23:21:38.594072,2026-04-14 23:21:57.637926,0 days 00:00:19.043854,,2.0760330818165,187,3,9.639798532690996,0.03255900240634263,23,3.4945672290244225,0.5926298696920421,444.4,0.7077830188679245,0.5680837765899535,"[0.6450471698113207, 0.7063679245283019, 0.7040094339622641, 0.7464622641509434, 0.7370283018867925]","[0.6189935162550334, 0.5852514311102615, 0.5787606411155426, 0.5235370868490788, 0.5338762076198511]",COMPLETE,cat,0.7077830188679245,0.5680837765899535,444.4
15,0.5754687369922273,2026-04-14 23:21:57.661726,2026-04-14 23:22:19.852015,0 days 00:00:22.190289,,1.8153354286555041,254,3,2.5683275408325796,0.030560439398829253,28,4.913430783889023,0.5736494341677159,444.0,0.6985849056603775,0.5754687369922273,"[0.5919811320754716, 0.7063679245283019, 0.6981132075471698, 0.7476415094339622, 0.7488207547169812]","[0.656896281059082, 0.5839984539538242, 0.5798657225389895, 0.5235991547394698, 0.5329840726697705]",COMPLETE,cat,0.6985849056603775,0.5754687369922273,444.0
16,0.6249826965858926,2026-04-14 23:22:19.874261,2026-04-14 23:22:47.400822,0 days 00:00:27.526561,,2.366771162277817,175,6,0.05519180548370288,0.010737220541389723,13,3.439561924234031,0.5856723384620987,,,,,,PRUNED,cat,,,
17,0.6090636936296461,2026-04-14 23:22:47.416719,2026-04-14 23:22:55.465097,0 days 00:00:08.048378,,3.268548079220718,203,5,1.703021670909712,0.07934237918397927,20,4.449079864842906,0.701762754231441,,,,,,PRUNED,cat,,,
18,0.5752160809216781,2026-04-14 23:22:55.478048,2026-04-14 23:23:12.993584,0 days 00:00:17.515536,Balanced,2.1837745868712672,157,3,7.930559319773263,0.03146669938150976,32,2.1325280364715797,0.5600598976608228,442.8,0.6981132075471697,0.5752160809216781,"[0.6591981132075472, 0.6816037735849056, 0.6757075471698113, 0.7287735849056604, 0.7452830188679245]","[0.6197384411754827, 0.5960784366267903, 0.5842647563927376, 0.5363091479928801, 0.5396896224205]",COMPLETE,cat,0.6981132075471697,0.5752160809216781,442.8
19,0.6519927365376054,2026-04-14 23:23:13.006680,2026-04-14 23:23:16.670682,0 days 00:00:03.664002,,1.1780050218752756,241,6,0.2887321925795485,0.16442069063917322,44,3.367182852177075,0.506065043634846,,,,,,PRUNED,cat,,,
20,0.5733315373028289,2026-04-14 23:23:16.684926,2026-04-14 23:23:28.423444,0 days 00:00:11.738518,,2.9724886987012917,130,5,1.4229022620494547,0.0724875590194137,26,1.2003924643686859,0.6079449028649575,135.8,0.7042452830188679,0.5733315373028289,"[0.6415094339622641, 0.6992924528301887, 0.7016509433962265, 0.7299528301886793, 0.7488207547169812]","[0.6303550754464097, 0.5869425041366164, 0.5783139837301781, 0.5389076503035207, 0.5321384728974196]",COMPLETE,cat,0.7042452830188679,0.5733315373028289,135.8
21,0.570218799062348,2026-04-14 23:23:28.436962,2026-04-14 23:23:43.925794,0 days 00:00:15.488832,,1.9230934369435202,188,4,9.137596177655865,0.05837598566557314,21,3.1221243926567985,0.6242933866914708,233.6,0.7040094339622642,0.570218799062348,"[0.6450471698113207, 0.6933962264150944, 0.6981132075471698, 0.7488207547169812, 0.7346698113207547]","[0.6323821942465149, 0.586052324624029, 0.5789048021495871, 0.5218854627871027, 0.5318692115045063]",COMPLETE,cat,0.7040094339622642,0.570218799062348,233.6
22,0.5691765308384127,2026-04-14 23:23:43.941257,2026-04-14 23:24:00.293270,0 days 00:00:16.352013,,4.305812897421664,192,3,3.8319392767270144,0.040173260200941426,18,3.089160846941545,0.6905075214505807,359.6,0.7056603773584905,0.5691765308384127,"[0.6356132075471698, 0.6969339622641509, 0.7087264150943396, 0.7476415094339622, 0.7393867924528302]","[0.6256639022951929, 0.5869884581164209, 0.5746721745957646, 0.5256412160150551, 0.5329169031696301]",COMPLETE,cat,0.7056603773584905,0.5691765308384127,359.6
23,0.5718982203866962,2026-04-14 23:24:00.337424,2026-04-14 23:24:27.373080,0 days 00:00:27.035656,,3.251812139410542,169,4,9.935138101942607,0.030962761547005387,10,3.9379496133278376,0.534876837445346,448.6,0.7011792452830188,0.5718982203866962,"[0.6108490566037735, 0.7004716981132075, 0.7063679245283019, 0.7547169811320755, 0.7334905660377359]","[0.6483939272663777, 0.580064996595676, 0.5746505401484779, 0.5240364688872099, 0.5323451690357397]",COMPLETE,cat,0.7011792452830188,0.5718982203866962,448.6
24,0.567226962603193,2026-04-14 23:24:27.386939,2026-04-14 23:24:36.671163,0 days 00:00:09.284224,,1.4342365536184079,218,3,4.091177301917972,0.059096853893279386,23,0.15810827673846006,0.7075308811431567,178.4,0.6985849056603775,0.567226962603193,"[0.6226415094339622, 0.6886792452830188, 0.6969339622641509, 0.7547169811320755, 0.7299528301886793]","[0.6206961149609184, 0.5766630047380276, 0.5781236328646309, 0.5221250935356427, 0.5385269669167458]",COMPLETE,cat,0.6985849056603775,0.567226962603193,178.4
25,0.5726988932681654,2026-04-14 23:24:36.699369,2026-04-14 23:24:42.639043,0 days 00:00:05.939674,,1.183137323632171,222,3,3.537362005314271,0.10430056694500535,24,0.4601012779936955,0.8082071658887613,95.8,0.6974056603773585,0.5726988932681654,"[0.6332547169811321, 0.6875, 0.6886792452830188, 0.7299528301886793, 0.7476415094339622]","[0.627291694630876, 0.5936800790084825, 0.5819817216861561, 0.5250144272413919, 0.5355265437739205]",COMPLETE,cat,0.6974056603773585,0.5726988932681654,95.8
26,0.6067341033936118,2026-04-14 23:24:42.656963,2026-04-14 23:24:47.330368,0 days 00:00:04.673405,Balanced,1.692063219224494,226,3,0.9764851651613752,0.06741155968879134,34,1.5780824542240182,0.7092111744661205,,,,,,PRUNED,cat,,,
27,0.6129898115249431,2026-04-14 23:24:47.344339,2026-04-14 23:25:02.540335,0 days 00:00:15.195996,,2.2305427858362727,130,6,0.40788170309688127,0.023202658431723373,7,2.2522949310650886,0.8126612428690921,,,,,,PRUNED,cat,,,
28,0.6095692392149473,2026-04-14 23:25:02.556646,2026-04-14 23:25:13.779799,0 days 00:00:11.223153,,0.7669575320784469,208,4,0.10668679546226283,0.0376205387387484,28,4.271393907501209,0.6664153361690446,,,,,,PRUNED,cat,,,
29,0.6098597822699684,2026-04-14 23:25:13.793794,2026-04-14 23:25:16.118821,0 days 00:00:02.325027,Balanced,0.10820821615356713,231,5,4.60150450596184,0.19657587241695917,7,0.009020272816696956,0.5938241184019404,,,,,,PRUNED,cat,,,
30,0.5677029791182322,2026-04-14 23:25:16.133272,2026-04-14 23:25:21.610623,0 days 00:00:05.477351,,1.9870813054124636,159,3,2.66363073287693,0.09318312031655651,12,0.11394514337903758,0.5444111699665868,106.6,0.7077830188679245,0.5677029791182322,"[0.6367924528301887, 0.7099056603773585, 0.7110849056603774, 0.75, 0.7311320754716981]","[0.6218575471974517, 0.5831861962745096, 0.5789682904771456, 0.5135659986500835, 0.540936862991971]",COMPLETE,cat,0.7077830188679245,0.5677029791182322,106.6
31,0.5691723427029735,2026-04-14 23:25:21.624183,2026-04-14 23:25:28.195149,0 days 00:00:06.570966,,2.003793323880897,168,3,2.284442382458895,0.0915349049266672,14,0.09095702639055638,0.5495672873566992,127.4,0.7033018867924529,0.5691723427029735,"[0.6344339622641509, 0.6992924528301887, 0.6957547169811321, 0.7441037735849056, 0.7429245283018868]","[0.6235394272907712, 0.582370135963491, 0.5774427903056489, 0.5294483357397382, 0.5330610242152184]",COMPLETE,cat,0.7033018867924529,0.5691723427029735,127.4
32,0.5731791130606899,2026-04-14 23:25:28.208278,2026-04-14 23:25:32.474678,0 days 00:00:04.266400,,1.4286027958640426,141,3,1.262375923099572,0.12624192289350913,11,0.6308296411009587,0.5302390434530806,83.4,0.6959905660377359,0.5731791130606899,"[0.6308962264150944, 0.6922169811320755, 0.6898584905660378, 0.7358490566037735, 0.7311320754716981]","[0.6245155299238947, 0.5879974224190914, 0.5855428475805268, 0.5355138857374766, 0.53232587964246]",COMPLETE,cat,0.6959905660377359,0.5731791130606899,83.4
33,0.5675191423344997,2026-04-14 23:25:32.489155,2026-04-14 23:25:41.866160,0 days 00:00:09.377005,,1.354127495228194,151,3,4.47116716757493,0.05931487536544247,17,0.9691030257782732,0.6467370305183838,209.4,0.7014150943396226,0.5675191423344997,"[0.6320754716981132, 0.7004716981132075, 0.6922169811320755, 0.75, 0.7323113207547169]","[0.6211104586929433, 0.5841683525845334, 0.5778931093223735, 0.5235981623606719, 0.5308256287119769]",COMPLETE,cat,0.7014150943396226,0.5675191423344997,209.4
34,0.6045312356426905,2026-04-14 23:25:41.883044,2026-04-14 23:25:43.881556,0 days 00:00:01.998512,,1.2842532834274252,158,4,5.873171520972475,0.2112690232293965,22,1.045957491909324,0.6413855680931283,,,,,,PRUNED,cat,,,
35,0.5737216377235589,2026-04-14 23:25:43.895191,2026-04-14 23:25:50.379601,0 days 00:00:06.484410,,0.726710605769029,196,3,0.006275141729005719,0.06685245712226197,18,0.29593060758639733,0.7280757308065164,,,,,,PRUNED,cat,,,
36,0.5674182552740248,2026-04-14 23:25:50.394162,2026-04-14 23:28:09.371870,0 days 00:02:18.977708,,1.986453346604069,217,7,2.576998125815286,0.01476438804061738,17,0.8181621993362141,0.6705415578485718,485.4,0.707311320754717,0.5674182552740248,"[0.6391509433962265, 0.7158018867924528, 0.6898584905660378, 0.7441037735849056, 0.7476415094339622]","[0.6247202386681031, 0.5811287740814687, 0.5779452248468233, 0.5250351484741504, 0.5282618902995785]",COMPLETE,cat,0.707311320754717,0.5674182552740248,485.4
37,0.5693070243588622,2026-04-14 23:28:09.388347,2026-04-14 23:30:39.291538,0 days 00:02:29.903191,,1.616904419437957,251,7,2.449640394965481,0.014474943131791696,17,0.6797568302967993,0.6639230138511327,417.0,0.7054245283018867,0.5693070243588622,"[0.6474056603773585, 0.7028301886792453, 0.6898584905660378, 0.7429245283018868, 0.7441037735849056]","[0.6173104102988123, 0.5885190829291984, 0.5792416689126229, 0.5308045575637821, 0.5306594020898954]",COMPLETE,cat,0.7054245283018867,0.5693070243588622,417.0
38,0.6123869595681753,2026-04-14 23:30:39.306634,2026-04-14 23:30:47.597256,0 days 00:00:08.290622,Balanced,1.0064724365568747,215,7,0.5018941504361973,0.09853528709494475,8,1.2383467601920086,0.7186433152791114,,,,,,PRUNED,cat,,,
39,0.5666859086144906,2026-04-14 23:30:47.614908,2026-04-14 23:33:03.767715,0 days 00:02:16.152807,,0.4467679389218091,66,8,2.857715993522319,0.01074930901631478,5,0.8979315902161913,0.680716141435093,644.4,0.7056603773584905,0.5666859086144906,"[0.6367924528301887, 0.6992924528301887, 0.7051886792452831, 0.7441037735849056, 0.7429245283018868]","[0.6170880579044217, 0.5862681997736202, 0.5788718500448498, 0.5183114921079636, 0.5328899432415979]",COMPLETE,cat,0.7056603773584905,0.5666859086144906,644.4
40,0.5701862013277658,2026-04-14 23:33:03.786496,2026-04-14 23:35:34.537907,0 days 00:02:30.751411,,0.32380282765599433,73,8,5.257942679150942,0.010912992762768676,4,0.8876635916581361,0.6747562456476686,673.4,0.7077830188679245,0.5701862013277658,"[0.6497641509433962, 0.7004716981132075, 0.7134433962264151, 0.7417452830188679, 0.7334905660377359]","[0.616952500770268, 0.5929205182110443, 0.5839067461037095, 0.5232670604050909, 0.5338841811487159]",COMPLETE,cat,0.7077830188679245,0.5701862013277658,673.4
41,0.5658898084717034,2026-04-14 23:35:34.552813,2026-04-14 23:36:42.405487,0 days 00:01:07.852674,,0.5392442446219039,35,8,2.890329493776904,0.013943116780134197,5,0.37676315684987927,0.6426192474427517,422.4,0.7080188679245284,0.5658898084717034,"[0.6485849056603774, 0.7087264150943396, 0.6922169811320755, 0.7429245283018868, 0.7476415094339622]","[0.6138588734767045, 0.5825815011030743, 0.5815436841451713, 0.5191264183261831, 0.5323385653073841]",COMPLETE,cat,0.7080188679245284,0.5658898084717034,422.4
42,0.5995784442313205,2026-04-14 23:36:42.423130,2026-04-14 23:36:59.034929,0 days 00:00:16.611799,,0.5663345223794191,36,8,1.2959562338562816,0.015446186632916224,5,0.3891981138744945,0.6870021315755892,,,,,,PRUNED,cat,,,
43,,2026-04-14 23:36:59.047469,,,,0.06604071718931809,63,8,3.2992787329882214,0.013002554076720853,9,0.767422496387805,0.6493509888583862,,,,,,RUNNING,cat,,,
44,0.6008575768054502,2026-04-14 23:38:08.595002,2026-04-14 23:39:01.023311,0 days 00:00:52.428309,,0.027005356429464333,63,8,3.3998909575365635,0.0128162880541117,5,1.5028241152467303,0.6442545907946048,,,,,,PRUNED,cat,,,
45,0.5693730630067819,2026-04-14 23:39:01.047522,2026-04-14 23:40:45.037208,0 days 00:01:43.989686,,0.8742891611849618,38,9,5.724740765701116,0.020079339451646715,15,0.7078165397414173,0.7263621068074445,393.0,0.6966981132075473,0.5693730630067819,"[0.6426886792452831, 0.6992924528301887, 0.6816037735849056, 0.7299528301886793, 0.7299528301886793]","[0.6167440464475972, 0.5924373218669786, 0.5836283861594836, 0.5257977370168513, 0.5282578235429984]",COMPLETE,cat,0.6966981132075473,0.5693730630067819,393.0
46,0.60403658938715,2026-04-14 23:40:45.053531,2026-04-14 23:41:00.231226,0 days 00:00:15.177695,,1.0903284979510104,53,7,0.019367283524941683,0.010127196865108783,26,1.061360334541194,0.7813948415664244,,,,,,PRUNED,cat,,,
47,0.5734681237087734,2026-04-14 23:41:00.247967,2026-04-14 23:42:25.071055,0 days 00:01:24.823088,Balanced,0.4359904071174535,83,8,0.8387744815011882,0.012714401565309827,9,0.45544438696043626,0.6375243619989645,,,,,,PRUNED,cat,,,
48,0.6078733301613058,2026-04-14 23:42:25.106835,2026-04-14 23:42:57.452178,0 days 00:00:32.345343,,1.476132036865056,48,9,0.23727234249967136,0.018507149592331656,4,1.2861914281797517,0.6564557030741694,,,,,,PRUNED,cat,,,
49,0.6180637444008781,2026-04-14 23:42:57.474855,2026-04-14 23:43:06.647323,0 days 00:00:09.172468,,0.5358335041860935,63,7,0.0011065136021090993,0.0245586266823747,40,1.813527606552727,0.984634926024359,,,,,,PRUNED,cat,,,
50,0.5681349880087765,2026-04-14 23:43:06.671251,2026-04-14 23:45:40.408647,0 days 00:02:33.737396,,0.9375220851061814,108,8,1.9202482762337194,0.013011086120142876,1,0.8317881540077577,0.7374326818467014,515.8,0.7063679245283019,0.5681349880087765,"[0.6426886792452831, 0.7004716981132075, 0.7028301886792453, 0.7417452830188679, 0.7441037735849056]","[0.6200246635694447, 0.5846071219636052, 0.5824680173217465, 0.5291217599667126, 0.5244533772223738]",COMPLETE,cat,0.7063679245283019,0.5681349880087765,515.8
51,0.5677660649171793,2026-04-14 23:45:40.422877,2026-04-14 23:46:25.549332,0 days 00:00:45.126455,,0.2705240028014016,33,8,6.487710160423129,0.017431557924880242,16,0.21844236406027506,0.6251161920098318,351.8,0.7049528301886793,0.5677660649171793,"[0.6474056603773585, 0.7063679245283019, 0.6933962264150944, 0.7488207547169812, 0.7287735849056604]","[0.6187865224622795, 0.579909794468536, 0.5796466081427223, 0.5248758899055431, 0.5356115096068158]",COMPLETE,cat,0.7049528301886793,0.5677660649171793,351.8
52,0.5813339328613558,2026-04-14 23:46:25.564262,2026-04-14 23:46:40.931646,0 days 00:00:15.367384,,2.432408988658296,140,7,3.0670426349745328,0.04974522247103407,12,0.5604037308524676,0.6884979853831891,,,,,,PRUNED,cat,,,
53,0.6118429976801144,2026-04-14 23:46:40.949344,2026-04-14 23:47:00.582075,0 days 00:00:19.632731,,2.780387833970531,120,9,2.0252902058000912,0.08223449520315748,19,0.16791126151509417,0.7653554253891911,,,,,,PRUNED,cat,,,
54,0.5659835506223291,2026-04-14 23:47:00.597519,2026-04-14 23:48:08.486277,0 days 00:01:07.888758,,1.7103326936628755,84,7,1.1566159434390693,0.014105586713552599,12,0.28568359080318406,0.600965380722987,469.6,0.7007075471698114,0.5659835506223291,"[0.6391509433962265, 0.6851415094339622, 0.6922169811320755, 0.7441037735849056, 0.7429245283018868]","[0.6195077374169203, 0.5862032021949592, 0.5776905636330758, 0.520358358313055, 0.5261578915536348]",COMPLETE,cat,0.7007075471698114,0.5659835506223291,469.6
55,0.6015756979591216,2026-04-14 23:48:08.501279,2026-04-14 23:48:21.288047,0 days 00:00:12.786768,,1.3543856980298659,93,6,1.1815886217552252,0.02210125265882817,14,0.9973758934469314,0.5691434500840888,,,,,,PRUNED,cat,,,
56,0.567918995286787,2026-04-14 23:48:21.303518,2026-04-14 23:49:26.693845,0 days 00:01:05.390327,,1.6690749534718987,99,7,0.5973886933448888,0.011798903070809344,10,0.3454508439136245,0.6075051727180265,415.4,0.707311320754717,0.567918995286787,"[0.6415094339622641, 0.7099056603773585, 0.6957547169811321, 0.7476415094339622, 0.7417452830188679]","[0.6194675589970059, 0.5807077117811166, 0.5823325040618197, 0.5266390682238145, 0.5304481333701782]",COMPLETE,cat,0.707311320754717,0.567918995286787,415.4
57,0.5693483172415827,2026-04-14 23:49:26.708952,2026-04-14 23:50:18.882186,0 days 00:00:52.173234,,1.811621145348851,83,6,4.307347702290716,0.014993868018688742,24,1.369444067447854,0.7020216890186812,588.2,0.7068396226415095,0.5693483172415827,"[0.6462264150943396, 0.6969339622641509, 0.7016509433962265, 0.7488207547169812, 0.7405660377358491]","[0.6161901724607518, 0.5892734470955217, 0.5841250461740847, 0.5265340465263708, 0.5306188739511846]",COMPLETE,cat,0.7068396226415095,0.5693483172415827,588.2
58,0.6438570047251114,2026-04-14 23:50:18.896507,2026-04-14 23:50:22.270300,0 days 00:00:03.373793,,0.6734762143073969,64,8,1.6918228444324006,0.29940214978875335,3,0.8455643012075117,0.6152018687587512,,,,,,PRUNED,cat,,,
59,0.5825837156212679,2026-04-14 23:50:22.285947,2026-04-14 23:51:38.403380,0 days 00:01:16.117433,Balanced,1.2869455471379143,237,7,6.9873688099407065,0.016787152803952123,7,0.5502140237548643,0.5858840613271067,,,,,,PRUNED,cat,,,
60,0.6062070269764229,2026-04-14 23:51:38.422876,2026-04-14 23:51:55.021477,0 days 00:00:16.598601,,1.7814452278922746,43,8,0.977151906420809,0.026741328371565707,16,1.7388225105085569,0.678846212037122,,,,,,PRUNED,cat,,,
61,0.5685865227515725,2026-04-14 23:51:55.039348,2026-04-14 23:52:44.796129,0 days 00:00:49.756781,,2.300267688747319,57,7,3.3179274578907623,0.014017799395335324,21,0.7496321422053744,0.932275184634352,437.2,0.7091981132075471,0.5685865227515725,"[0.6556603773584906, 0.7075471698113207, 0.7040094339622641, 0.7417452830188679, 0.7370283018867925]","[0.6141767917324612, 0.5854888036582545, 0.586598717304813, 0.5208809076023095, 0.5357873934600244]",COMPLETE,cat,0.7091981132075471,0.5685865227515725,437.2
62,0.5688651153895773,2026-04-14 23:52:44.810177,2026-04-14 23:52:56.894037,0 days 00:00:12.083860,,2.071820410753514,177,5,3.138342899780576,0.056700837311074885,13,0.20200151844286401,0.6537203134682306,123.6,0.7025943396226415,0.5688651153895773,"[0.6167452830188679, 0.7087264150943396, 0.6957547169811321, 0.7511792452830188, 0.7405660377358491]","[0.6207354943342107, 0.585663385869888, 0.5742511653069922, 0.5318402003690019, 0.5318353310677937]",COMPLETE,cat,0.7025943396226415,0.5688651153895773,123.6
63,0.5701377443589717,2026-04-14 23:52:56.908244,2026-04-14 23:53:02.961893,0 days 00:00:06.053649,,1.9387361100281528,152,3,2.3020303436905865,0.06426551961568772,11,0.003967430306877351,0.5554046709351602,,,,,,PRUNED,cat,,,
64,0.5691762121792253,2026-04-14 23:53:02.980543,2026-04-14 23:53:21.314232,0 days 00:00:18.333689,,2.5935997856962096,120,6,4.567726986937634,0.04591241250199618,18,0.38662219966890954,0.6278443712980014,153.8,0.7051886792452831,0.5691762121792253,"[0.6415094339622641, 0.7028301886792453, 0.6922169811320755, 0.7405660377358491, 0.7488207547169812]","[0.619097979591672, 0.5866571226075569, 0.5804493380243229, 0.526833632577564, 0.5328429880950107]",COMPLETE,cat,0.7051886792452831,0.5691762121792253,153.8
65,0.5705067252493146,2026-04-14 23:53:21.333025,2026-04-14 23:53:52.961557,0 days 00:00:31.628532,,1.538690964621905,198,3,1.5433540731208482,0.011421356459549947,12,0.576092417718055,0.595799312774018,,,,,,PRUNED,cat,,,
66,0.5689827673627398,2026-04-14 23:53:52.996316,2026-04-14 23:54:56.268328,0 days 00:01:03.272012,,0.8628324748344011,76,8,2.7093215865046174,0.020488309589249458,6,0.21340169715238674,0.517919576341648,266.0,0.7007075471698113,0.5689827673627398,"[0.6450471698113207, 0.6933962264150944, 0.6898584905660378, 0.7417452830188679, 0.7334905660377359]","[0.6217861367121291, 0.5831467645668971, 0.5794233130453291, 0.5257484956816068, 0.5348091268077364]",COMPLETE,cat,0.7007075471698113,0.5689827673627398,266.0
67,0.5677214898122278,2026-04-14 23:54:56.290972,2026-04-14 23:55:15.209159,0 days 00:00:18.918187,,1.1561644863693807,218,4,6.897432473577971,0.03647398303511529,29,1.040434107424201,0.5777853244552633,294.4,0.706132075471698,0.5677214898122278,"[0.6497641509433962, 0.7016509433962265, 0.6945754716981132, 0.7441037735849056, 0.7405660377358491]","[0.6140242831381872, 0.5847483590109293, 0.5814248556833143, 0.5249519760631935, 0.533457975165515]",COMPLETE,cat,0.706132075471698,0.5677214898122278,294.4
68,0.6181301371927531,2026-04-14 23:55:15.224132,2026-04-14 23:55:31.324294,0 days 00:00:16.100162,,1.90194222851667,160,9,4.345660239007239,0.13864820622693844,20,0.3972508367355355,0.7061809694272712,,,,,,PRUNED,cat,,,
69,0.6003856165747229,2026-04-14 23:55:31.341089,2026-04-14 23:55:34.587978,0 days 00:00:03.246889,Balanced,2.131654341528023,183,3,0.39964246286930993,0.07462982588216685,15,0.11265149909315408,0.5417516182678705,,,,,,PRUNED,cat,,,
70,0.5977512236481293,2026-04-14 23:55:34.605913,2026-04-14 23:56:17.269614,0 days 00:00:42.663701,,0.277972034977779,206,7,1.0792791352706388,0.027110993234896765,8,2.0436852024161976,0.6010799200801686,,,,,,PRUNED,cat,,,
71,0.6058156671479225,2026-04-14 23:56:17.284770,2026-04-14 23:56:19.992102,0 days 00:00:02.707332,,2.883448799409458,164,4,0.13411960696067665,0.11974236101502561,9,1.3990818307616457,0.7433406279051572,,,,,,PRUNED,cat,,,
72,0.5673506932999455,2026-04-14 23:56:20.009366,2026-04-14 23:56:27.714705,0 days 00:00:07.705339,,1.1389192444242564,222,3,7.19945429103535,0.08973959303730948,50,1.120896188854188,0.5798299244972934,156.0,0.7068396226415095,0.5673506932999455,"[0.6474056603773585, 0.7063679245283019, 0.6933962264150944, 0.7488207547169812, 0.7382075471698113]","[0.6137633352399414, 0.5796056332454892, 0.5773483234440674, 0.5286293222617383, 0.5374068523084916]",COMPLETE,cat,0.7068396226415095,0.5673506932999455,156.0
73,0.5994919969377136,2026-04-14 23:56:27.732487,2026-04-14 23:56:31.258131,0 days 00:00:03.525644,,1.4699725243965864,241,3,0.05952375811587653,0.09864727127750506,38,1.139985583854328,0.6711774221708392,,,,,,PRUNED,cat,,,
74,0.5703689339224868,2026-04-14 23:56:31.273164,2026-04-14 23:56:37.191983,0 days 00:00:05.918819,,1.6171197134906383,146,3,8.389085002755909,0.08882584637905322,32,0.8876635916581361,0.6379535630278013,,,,,,PRUNED,cat,,,
75,0.5673915232618769,2026-04-14 23:56:37.209561,2026-04-14 23:56:46.644518,0 days 00:00:09.434957,,1.03646116325348,231,3,5.49062980172427,0.06038901730385227,22,0.6657402692896456,0.5708490216615324,193.4,0.7035377358490565,0.5673915232618769,"[0.6356132075471698, 0.6933962264150944, 0.7028301886792453, 0.75, 0.7358490566037735]","[0.6203938769437464, 0.5802184028763384, 0.5753105897837018, 0.52484452091711, 0.5361902257884877]",COMPLETE,cat,0.7035377358490565,0.5673915232618769,193.4
76,0.5693202182739134,2026-04-14 23:56:46.663011,2026-04-14 23:56:56.761129,0 days 00:00:10.098118,,0.9951104337497323,230,4,5.741617656212628,0.06354308432316957,50,0.7200947027666881,0.611421817914212,,,,,,PRUNED,cat,,,
77,0.5671722606691618,2026-04-14 23:56:56.779242,2026-04-14 23:57:08.773051,0 days 00:00:11.993809,,1.2500161162966708,247,3,9.873883765909362,0.05081177592201289,43,0.5240118902579466,0.6539024265971071,231.0,0.7042452830188679,0.5671722606691618,"[0.6438679245283019, 0.6933962264150944, 0.6981132075471698, 0.7429245283018868, 0.7429245283018868]","[0.6197838876337605, 0.580671335852333, 0.5791803438923654, 0.5230647658159148, 0.5331609701514356]",COMPLETE,cat,0.7042452830188679,0.5671722606691618,231.0
78,0.5684794490217614,2026-04-14 23:57:08.788308,2026-04-14 23:57:49.753422,0 days 00:00:40.965114,,0.6300538537597249,248,3,7.659166942575081,0.010198922069079156,45,0.51298106403668,0.5648299199862213,930.6,0.7061320754716981,0.5684794490217614,"[0.6297169811320755, 0.7028301886792453, 0.7016509433962265, 0.7535377358490566, 0.7429245283018868]","[0.6180530106320521, 0.5846958888441595, 0.5754437795328006, 0.5277706758082638, 0.5364338902915312]",COMPLETE,cat,0.7061320754716981,0.5684794490217614,930.6
79,0.5688109736973377,2026-04-14 23:57:49.772147,2026-04-14 23:58:06.446940,0 days 00:00:16.674793,,0.8089695569030144,243,5,9.889117598992883,0.05320334171778106,47,0.29699594676055147,0.5789583320092252,149.0,0.7044811320754718,0.5688109736973377,"[0.6403301886792453, 0.7016509433962265, 0.6945754716981132, 0.7429245283018868, 0.7429245283018868]","[0.6161790671913452, 0.5812498801503738, 0.5819269699043204, 0.5339642667272196, 0.5307346845134298]",COMPLETE,cat,0.7044811320754718,0.5688109736973377,149.0
80,0.5672548118377887,2026-04-14 23:58:06.464941,2026-04-14 23:58:19.400670,0 days 00:00:12.935729,,1.062007504955428,224,3,5.204282354287201,0.043490286728878565,44,0.6352432789235658,0.6574383888699427,272.2,0.7047169811320755,0.5672548118377887,"[0.6462264150943396, 0.6886792452830188, 0.7087264150943396, 0.7429245283018868, 0.7370283018867925]","[0.6199579548204014, 0.5800294061818027, 0.576473770752124, 0.524448110109524, 0.535364817325091]",COMPLETE,cat,0.7047169811320755,0.5672548118377887,272.2
81,0.5981958544744913,2026-04-14 23:58:19.417677,2026-04-14 23:58:24.539784,0 days 00:00:05.122107,Balanced,1.0894332472336798,225,3,5.505073990032676,0.041128641528185676,46,0.6112978039862372,0.6294482582546683,,,,,,PRUNED,cat,,,
82,0.5696625955612769,2026-04-14 23:58:24.556945,2026-04-14 23:58:36.560868,0 days 00:00:12.003923,,1.2676256424005334,214,3,3.6284141565519805,0.04680009694449252,40,0.7896698667465052,0.6589194518921352,,,,,,PRUNED,cat,,,
83,0.5652775023509298,2026-04-14 23:58:36.578920,2026-04-14 23:58:59.049193,0 days 00:00:22.470273,,1.0009364307820994,233,4,7.48562425147051,0.035224942342752405,48,1.1544324995943986,0.677444833008,335.6,0.7129716981132075,0.5652775023509298,"[0.6674528301886793, 0.7110849056603774, 0.7016509433962265, 0.7417452830188679, 0.7429245283018868]","[0.6125202833383037, 0.5833386425987052, 0.57721812898672, 0.5245201196782271, 0.5287903371526934]",COMPLETE,cat,0.7129716981132075,0.5652775023509298,335.6
84,0.5668262995717435,2026-04-14 23:58:59.072204,2026-04-14 23:59:21.256431,0 days 00:00:22.184227,,0.4941954039551084,255,4,6.494481003374458,0.03591588132233819,43,1.192003698041214,0.691742625094547,316.4,0.7049528301886793,0.5668262995717435,"[0.6415094339622641, 0.7087264150943396, 0.6898584905660378, 0.7488207547169812, 0.7358490566037735]","[0.6175523799260912, 0.5798977126910637, 0.5793525406760857, 0.5251011043241764, 0.5322277602413003]",COMPLETE,cat,0.7049528301886793,0.5668262995717435,316.4
85,0.5958220839914843,2026-04-14 23:59:21.272219,2026-04-14 23:59:30.888000,0 days 00:00:09.615781,,0.5390299416013955,237,4,7.6926614203379735,0.034817791805764775,43,1.5380798777143525,0.6938203774132192,,,,,,PRUNED,cat,,,
86,0.5680370028798248,2026-04-14 23:59:30.903546,2026-04-14 23:59:52.523032,0 days 00:00:21.619486,,0.17782265574982353,249,3,9.98438034229788,0.029137347766200448,48,1.1573107319637463,0.6780907684359927,419.2,0.7016509433962264,0.5680370028798248,"[0.6332547169811321, 0.6910377358490566, 0.7028301886792453, 0.7452830188679245, 0.7358490566037735]","[0.621697282392614, 0.5827516354882668, 0.5771929027074718, 0.5265337165517989, 0.5320094772589729]",COMPLETE,cat,0.7016509433962264,0.5680370028798248,419.2
87,0.5973121756150047,2026-04-14 23:59:52.537209,2026-04-15 00:00:03.137360,0 days 00:00:10.600151,,0.4107047291878003,253,4,3.876989772625743,0.033248300593611314,42,1.668633133673064,0.7198987647388377,,,,,,PRUNED,cat,,,
88,0.5652456059470337,2026-04-15 00:00:03.154543,2026-04-15 00:00:27.456697,0 days 00:00:24.302154,,0.7748202548468777,237,4,7.316366814899122,0.039976630591961194,50,2.383583030301331,0.6489037315673116,366.2,0.709433962264151,0.5652456059470337,"[0.6533018867924528, 0.7016509433962265, 0.7028301886792453, 0.75, 0.7393867924528302]","[0.6163458879074245, 0.5849584609811975, 0.5768058225906924, 0.5202332910207896, 0.5278845672350643]",COMPLETE,cat,0.709433962264151,0.5652456059470337,366.2
89,0.6021712778748676,2026-04-15 00:00:27.477399,2026-04-15 00:00:39.829314,0 days 00:00:12.351915,,0.6751793480151739,255,5,4.959460681770687,0.04002979394802076,48,2.9407364561348275,0.7136760062667254,,,,,,PRUNED,cat,,,
90,0.5995393498681956,2026-04-15 00:00:39.844477,2026-04-15 00:00:47.814125,0 days 00:00:07.969648,,0.9201805033601145,244,4,2.8493034245208793,0.051428924862934974,42,2.2778771292965145,0.6468934565645071,,,,,,PRUNED,cat,,,
91,0.5987437202494825,2026-04-15 00:00:47.829472,2026-04-15 00:00:53.217272,0 days 00:00:05.387800,,0.3614772745200898,234,4,1.9762035462949616,0.04301862459284184,45,0.9599198359087503,0.6881576140125496,,,,,,PRUNED,cat,,,
92,0.5679318422908732,2026-04-15 00:00:53.232233,2026-04-15 00:01:14.723727,0 days 00:00:21.491494,,0.7433817748695517,225,4,7.055264553997073,0.037547934801359886,50,1.9283959966886794,0.6553949168985925,325.0,0.7040094339622641,0.5679318422908732,"[0.6509433962264151, 0.6922169811320755, 0.7075471698113207, 0.7405660377358491, 0.7287735849056604]","[0.6178454812319137, 0.5851703895160633, 0.5808871053122718, 0.5237171126815259, 0.5320391227125915]",COMPLETE,cat,0.7040094339622641,0.5679318422908732,325.0
93,0.5679451405825964,2026-04-15 00:01:14.740642,2026-04-15 00:01:33.826770,0 days 00:00:19.086128,,0.47522940082578763,221,3,8.124662337899046,0.030298038744170013,49,1.3709273182175317,0.6980136985477294,418.0,0.7058962264150943,0.5679451405825964,"[0.6391509433962265, 0.6922169811320755, 0.7051886792452831, 0.7523584905660378, 0.7405660377358491]","[0.6225692337626043, 0.5818003617542239, 0.5776484212861352, 0.5250893998747125, 0.5326182862353057]",COMPLETE,cat,0.7058962264150943,0.5679451405825964,418.0
94,0.5684942536526558,2026-04-15 00:01:33.843120,2026-04-15 00:01:44.587610,0 days 00:00:10.744490,,1.1619421147116065,238,4,6.59110781702792,0.07445229466385123,46,1.1406660393888202,0.679486565018147,143.6,0.7051886792452831,0.5684942536526558,"[0.6509433962264151, 0.6863207547169812, 0.7110849056603774, 0.7429245283018868, 0.7346698113207547]","[0.6210070803556257, 0.5898942128123299, 0.573100812986787, 0.5283140712860297, 0.530155090822507]",COMPLETE,cat,0.7051886792452831,0.5684942536526558,143.6
95,0.5990784361022298,2026-04-15 00:01:44.602738,2026-04-15 00:01:50.881068,0 days 00:00:06.278330,,0.1438774641244045,246,3,3.870511294745523,0.048767032417210025,48,3.53542357415202,0.6191302202967521,,,,,,PRUNED,cat,,,
96,0.597689570844614,2026-04-15 00:01:50.897719,2026-04-15 00:02:03.259125,0 days 00:00:12.361406,,0.7907559516217529,208,5,4.897058812004593,0.041565992035675764,44,2.5546295177067733,0.6660039331453999,,,,,,PRUNED,cat,,,
97,0.5669840065097518,2026-04-15 00:02:03.276044,2026-04-15 00:02:17.360075,0 days 00:00:14.084031,,1.2576033093292642,229,4,6.084679527428863,0.04470369445770576,37,0.4997112901342554,0.6344729297537782,203.0,0.7037735849056603,0.5669840065097518,"[0.6426886792452831, 0.7004716981132075, 0.7004716981132075, 0.7382075471698113, 0.7370283018867925]","[0.6114488733182333, 0.5842714611213881, 0.5727029732664566, 0.52974172600783, 0.5367549988348506]",COMPLETE,cat,0.7037735849056603,0.5669840065097518,203.0
98,0.5663162462580332,2026-04-15 00:02:17.376164,2026-04-15 00:02:33.480673,0 days 00:00:16.104509,,1.3552032649709802,232,4,3.183132540654406,0.04525782308135807,34,0.47792391043524485,0.634112354712681,229.0,0.6995283018867925,0.5663162462580332,"[0.6391509433962265, 0.6933962264150944, 0.7016509433962265, 0.7334905660377359, 0.7299528301886793]","[0.6151262335011094, 0.5825958678084432, 0.5794966389429143, 0.523976602674762, 0.5303858883629374]",COMPLETE,cat,0.6995283018867925,0.5663162462580332,229.0
99,0.5665776026983899,2026-04-15 00:02:33.495013,2026-04-15 00:02:45.716627,0 days 00:00:12.221614,,1.3638653565668892,229,4,2.2114587084093063,0.05299986113458923,36,0.47154019273702724,0.6327925936767738,169.2,0.7056603773584904,0.5665776026983899,"[0.6379716981132075, 0.7016509433962265, 0.7028301886792453, 0.7452830188679245, 0.7405660377358491]","[0.6197606207875037, 0.5801416245949148, 0.5722338187743711, 0.5277234265075527, 0.5330285228276067]",COMPLETE,cat,0.7056603773584904,0.5665776026983899,169.2
100,0.6049479153486722,2026-04-15 00:02:45.730301,2026-04-15 00:02:51.168409,0 days 00:00:05.438108,Balanced,1.3325615174278542,231,4,0.00548743075182338,0.03484734085263196,36,0.3256470344390986,0.6419322704394095,,,,,,PRUNED,cat,,,
